Traffic_Reduction_Percentage,Productivity_Ratio,Comparison_Index
21.241830065359483,16.866666666666667,0.21241830065359482
