Traffic_Reduction_Percentage,Productivity_Ratio,Comparison_Index
2.622950819672136,16.866666666666667,0.02622950819672136
